epoch,time,train/box_loss,train/cls_loss,train/dfl_loss,metrics/precision(B),metrics/recall(B),metrics/mAP50(B),metrics/mAP50-95(B),val/box_loss,val/cls_loss,val/dfl_loss,lr/pg0,lr/pg1,lr/pg2
1,18669.1,0.96257,1.50336,1.05852,0.63545,0.59378,0.62983,0.49906,0.75441,1.17182,0.90616,0.000302481,0.000302481,0.000302481
2,20016,0.95586,1.34737,1.05636,0.60643,0.6314,0.67367,0.52399,0.75188,1.00576,0.90869,0.000595491,0.000595491,0.000595491
3,21335.8,0.96376,1.25078,1.05733,0.69713,0.65951,0.70595,0.55464,0.74989,0.9858,0.90932,0.000878501,0.000878501,0.000878501
4,22671.5,0.93857,1.16276,1.04434,0.79447,0.6732,0.75904,0.60213,0.72357,0.81041,0.90655,0.000864004,0.000864004,0.000864004
5,24024,0.92195,1.08779,1.03715,0.76786,0.68983,0.78479,0.61585,0.71697,0.77558,0.89925,0.000849006,0.000849006,0.000849006
6,25384.8,0.89729,1.04454,1.02081,0.79891,0.69816,0.7899,0.62668,0.71838,0.87033,0.90482,0.000834007,0.000834007,0.000834007
7,26716.9,0.89231,1.02182,1.02592,0.80961,0.72483,0.81688,0.64479,0.70261,0.68076,0.89355,0.000819009,0.000819009,0.000819009
8,28196.2,0.87564,0.99719,1.01973,0.82643,0.7248,0.82679,0.66165,0.67337,0.6435,0.88006,0.00080401,0.00080401,0.00080401
9,29719.9,0.86195,0.96126,1.01647,0.83475,0.73766,0.833,0.6712,0.67818,0.63836,0.8851,0.000789012,0.000789012,0.000789012
10,31226.1,0.857,0.94101,1.00722,0.81115,0.73033,0.83173,0.67722,0.66347,0.63359,0.87806,0.000774013,0.000774013,0.000774013
11,32703.1,0.84463,0.93146,1.00269,0.80924,0.76902,0.83922,0.68374,0.6601,0.59881,0.87904,0.000759015,0.000759015,0.000759015
12,34129.8,0.83707,0.91047,0.99717,0.85202,0.75209,0.84968,0.68259,0.67,0.5938,0.88035,0.000744016,0.000744016,0.000744016
13,35621.2,0.8289,0.89882,0.99714,0.82092,0.76909,0.84855,0.68648,0.66186,0.58133,0.87819,0.000729018,0.000729018,0.000729018
14,37176.7,0.82446,0.89113,0.99276,0.82306,0.7547,0.84062,0.68772,0.63435,0.56605,0.87167,0.000714019,0.000714019,0.000714019
15,38747.8,0.81765,0.8717,0.99329,0.84557,0.76639,0.84541,0.68729,0.6329,0.56632,0.86883,0.000699021,0.000699021,0.000699021
16,40345.3,0.81465,0.86119,0.98985,0.83618,0.77998,0.85585,0.69977,0.64253,0.5622,0.87348,0.000684022,0.000684022,0.000684022
17,41946.5,0.81034,0.851,0.98636,0.83038,0.79891,0.85917,0.70222,0.62247,0.53856,0.86856,0.000669024,0.000669024,0.000669024
18,43590.7,0.80271,0.84263,0.981,0.82805,0.79946,0.86041,0.70296,0.63227,0.54115,0.87039,0.000654025,0.000654025,0.000654025
19,45206.9,0.80025,0.83643,0.98471,0.84435,0.75679,0.8533,0.69552,0.6282,0.5469,0.86647,0.000639027,0.000639027,0.000639027
20,46808.7,0.79595,0.83258,0.97934,0.84265,0.78213,0.85422,0.69766,0.61376,0.541,0.86057,0.000624028,0.000624028,0.000624028
21,48425.2,0.79022,0.82724,0.97627,0.85781,0.78236,0.86304,0.70687,0.61918,0.52049,0.86654,0.00060903,0.00060903,0.00060903
22,49990.6,0.78458,0.813,0.97545,0.85432,0.77382,0.86093,0.70977,0.61371,0.53416,0.86209,0.000594031,0.000594031,0.000594031
23,51355.9,0.76747,0.79299,0.9702,0.85849,0.78961,0.87246,0.72531,0.60254,0.51038,0.85897,0.000579033,0.000579033,0.000579033
24,52648.6,0.77112,0.7943,0.97205,0.85275,0.79735,0.87207,0.72393,0.60028,0.50461,0.85667,0.000564034,0.000564034,0.000564034
25,54024.3,0.77201,0.78992,0.96977,0.8528,0.79305,0.87276,0.72149,0.60195,0.50409,0.85704,0.000549036,0.000549036,0.000549036
26,55342.7,0.76914,0.78457,0.96872,0.84311,0.80327,0.86754,0.71813,0.5946,0.50937,0.85618,0.000534037,0.000534037,0.000534037
27,56645.4,0.76321,0.77457,0.9652,0.88369,0.77319,0.87472,0.72967,0.59229,0.49039,0.8531,0.000519039,0.000519039,0.000519039
28,57943.2,0.75526,0.76462,0.96332,0.87472,0.79399,0.87442,0.72635,0.59479,0.49479,0.85549,0.00050404,0.00050404,0.00050404
29,59296.8,0.75838,0.77379,0.96544,0.85311,0.81045,0.87469,0.72889,0.5951,0.49516,0.85359,0.000489042,0.000489042,0.000489042
30,60786.6,0.74428,0.75501,0.96031,0.89132,0.79006,0.88209,0.73288,0.58952,0.47725,0.85124,0.000474043,0.000474043,0.000474043
31,62631.5,0.74798,0.75426,0.95965,0.86157,0.80617,0.88262,0.73888,0.57729,0.47519,0.84834,0.000459045,0.000459045,0.000459045
32,64114.5,0.73996,0.74336,0.95696,0.86227,0.81289,0.88255,0.73452,0.57811,0.47151,0.84907,0.000444046,0.000444046,0.000444046
33,65591.6,0.73443,0.73001,0.95534,0.85313,0.81317,0.88596,0.73729,0.58563,0.46892,0.8501,0.000429048,0.000429048,0.000429048
34,67113.6,0.73861,0.73347,0.95839,0.88243,0.80697,0.89479,0.7481,0.57778,0.46207,0.8474,0.000414049,0.000414049,0.000414049
35,69666,0.73653,0.734,0.95436,0.86243,0.80522,0.88396,0.73752,0.57388,0.46929,0.84773,0.000399051,0.000399051,0.000399051
36,71081.4,0.72593,0.7171,0.95072,0.84091,0.82703,0.88413,0.73951,0.57661,0.462,0.84982,0.000384052,0.000384052,0.000384052
37,73034.6,0.73537,0.71787,0.95098,0.85948,0.82157,0.89243,0.74766,0.56931,0.45853,0.84582,0.000369054,0.000369054,0.000369054
38,74540.4,0.72206,0.71374,0.94869,0.87442,0.82694,0.89645,0.75326,0.56606,0.44777,0.84474,0.000354055,0.000354055,0.000354055
39,76087.5,0.72052,0.71702,0.94851,0.8806,0.81277,0.89445,0.75107,0.56234,0.45233,0.8441,0.000339057,0.000339057,0.000339057
40,77460.2,0.71374,0.70319,0.94789,0.87308,0.82573,0.89057,0.74712,0.56475,0.4469,0.84268,0.000324058,0.000324058,0.000324058
41,78828.6,0.71164,0.70398,0.94334,0.88029,0.80465,0.89663,0.7552,0.55519,0.43794,0.8418,0.00030906,0.00030906,0.00030906
42,80149,0.70415,0.69447,0.94046,0.86972,0.82749,0.89668,0.7531,0.55765,0.44199,0.84019,0.000294061,0.000294061,0.000294061
43,81454.5,0.69724,0.68587,0.93519,0.88077,0.80734,0.895,0.75308,0.55768,0.44028,0.84084,0.000279063,0.000279063,0.000279063
44,82782,0.7053,0.68399,0.94308,0.8848,0.80636,0.89564,0.75582,0.55199,0.43563,0.84033,0.000264064,0.000264064,0.000264064
45,84112.2,0.69199,0.67465,0.93556,0.87043,0.82521,0.89797,0.75972,0.5534,0.43174,0.84147,0.000249066,0.000249066,0.000249066
46,85444.4,0.69392,0.67846,0.93479,0.88477,0.81776,0.89732,0.75938,0.55091,0.42866,0.8397,0.000234068,0.000234068,0.000234068
47,86766.8,0.69881,0.67835,0.94243,0.88022,0.82563,0.89728,0.76038,0.55064,0.42853,0.83954,0.000219069,0.000219069,0.000219069
48,88087.3,0.68976,0.66323,0.93191,0.87323,0.82561,0.89864,0.75972,0.5471,0.42545,0.83774,0.00020407,0.00020407,0.00020407
49,89410.8,0.69261,0.67259,0.93789,0.88685,0.82189,0.89881,0.75973,0.54741,0.42714,0.83794,0.000189072,0.000189072,0.000189072
50,90741.6,0.68819,0.66,0.93502,0.88051,0.82789,0.89858,0.76269,0.54599,0.42072,0.83832,0.000174074,0.000174074,0.000174074
51,92032.4,0.60962,0.57434,0.88989,0.86746,0.83475,0.89747,0.75783,0.55334,0.4292,0.83871,0.000159075,0.000159075,0.000159075
52,93330.3,0.60859,0.56831,0.88921,0.88312,0.83172,0.9002,0.76233,0.55112,0.4238,0.83942,0.000144077,0.000144077,0.000144077
53,94629.6,0.59638,0.55981,0.88612,0.88679,0.83255,0.90218,0.76495,0.55051,0.42348,0.83891,0.000129078,0.000129078,0.000129078
54,95930.1,0.59957,0.55583,0.8829,0.88788,0.83439,0.90184,0.7657,0.54761,0.4188,0.83884,0.00011408,0.00011408,0.00011408
55,97222.5,0.58918,0.54883,0.88162,0.89189,0.81517,0.90101,0.76311,0.54737,0.41816,0.83852,9.9081e-05,9.9081e-05,9.9081e-05
56,98521.3,0.59125,0.5486,0.88471,0.88391,0.83284,0.90178,0.76705,0.54745,0.4168,0.83848,8.40825e-05,8.40825e-05,8.40825e-05
57,99824.3,0.5839,0.53904,0.88125,0.88319,0.83327,0.90165,0.76843,0.54132,0.41022,0.83749,6.9084e-05,6.9084e-05,6.9084e-05
